{
	"persons" : 
	[
		{
			"birth" : 
			{
				"date" : 
				{
					"date" : "0-0-0",
					"last date" : "0-0-0",
					"text" : ""
				},
				"place" : ""
			},
			"death" : 
			{
				"date" : 
				{
					"date" : "1280-1-1",
					"last date" : "0-0-0",
					"text" : "Exact date is not known."
				},
				"place" : ""
			},
			"events" : [],
			"father" : 0,
			"files" : 
			{
				"drives" : [],
				"files" : [],
				"name" : "root"
			},
			"gender" : 1,
			"id" : 1,
			"lives" : 0,
			"maiden name" : "",
			"media" : 
			{
				"drives" : [],
				"files" : [],
				"name" : "root"
			},
			"mother" : 0,
			"name" : "Ertu\u011frul",
			"notes" : 
			{
				"drives" : [],
				"files" : 
				[
					{
						"id" : 1
					}
				],
				"name" : "root"
			},
			"partner" : 0,
			"relations" : 
			[
				{
					"id" : 1
				}
			],
			"surname" : "Bey",
			"tags" : 
			[
				{
					"tag" : "Name in turkish",
					"value" : "\u0627\u0631\u0637\u063a\u0631\u0644"
				}
			],
			"title after" : "",
			"title in front" : ""
		},
		{
			"birth" : 
			{
				"date" : 
				{
					"date" : "0-0-0",
					"last date" : "0-0-0",
					"text" : ""
				},
				"place" : ""
			},
			"death" : 
			{
				"date" : 
				{
					"date" : "1324-4-1",
					"last date" : "0-0-0",
					"text" : "Exact date is not known."
				},
				"place" : "Bursa, Ottoman Beylik"
			},
			"events" : [],
			"father" : 1,
			"files" : 
			{
				"drives" : [],
				"files" : [],
				"name" : "root"
			},
			"gender" : 1,
			"id" : 2,
			"lives" : 0,
			"maiden name" : "",
			"media" : 
			{
				"drives" : [],
				"files" : [],
				"name" : "root"
			},
			"mother" : 0,
			"name" : "Osman",
			"notes" : 
			{
				"drives" : [],
				"files" : 
				[
					{
						"id" : 1
					}
				],
				"name" : "root"
			},
			"partner" : 2,
			"relations" : 
			[
				{
					"id" : 1
				},
				{
					"id" : 2
				},
				{
					"id" : 3
				}
			],
			"surname" : "Ghazi",
			"tags" : 
			[
				{
					"tag" : "Name in turkish",
					"value" : "\u0639\u062b\u0645\u0627\u0646 \u063a\u0627\u0632\u0649"
				}
			],
			"title after" : "",
			"title in front" : ""
		},
		{
			"birth" : 
			{
				"date" : 
				{
					"date" : "1258-1-1",
					"last date" : "0-0-0",
					"text" : "Not an exact date."
				},
				"place" : "Rabia Bala Hatun"
			},
			"death" : 
			{
				"date" : 
				{
					"date" : "1324-1-1",
					"last date" : "0-0-0",
					"text" : "Not an exact date."
				},
				"place" : "S\u00f6\u011f\u00fct, Turkey"
			},
			"events" : [],
			"father" : 0,
			"files" : 
			{
				"drives" : [],
				"files" : [],
				"name" : "root"
			},
			"gender" : 2,
			"id" : 3,
			"lives" : 0,
			"maiden name" : "",
			"media" : 
			{
				"drives" : [],
				"files" : [],
				"name" : "root"
			},
			"mother" : 0,
			"name" : "Mal",
			"notes" : 
			{
				"drives" : [],
				"files" : 
				[
					{
						"id" : 1
					}
				],
				"name" : "root"
			},
			"partner" : 2,
			"relations" : 
			[
				{
					"id" : 2
				},
				{
					"id" : 4
				}
			],
			"surname" : "Hatun",
			"tags" : [],
			"title after" : "",
			"title in front" : ""
		},
		{
			"birth" : 
			{
				"date" : 
				{
					"date" : "1281-1-1",
					"last date" : "0-0-0",
					"text" : ""
				},
				"place" : ""
			},
			"death" : 
			{
				"date" : 
				{
					"date" : "1362-1-1",
					"last date" : "0-0-0",
					"text" : ""
				},
				"place" : "Bursa, Ottoman Beyli"
			},
			"events" : [],
			"father" : 3,
			"files" : 
			{
				"drives" : [],
				"files" : [],
				"name" : "root"
			},
			"gender" : 1,
			"id" : 4,
			"lives" : 0,
			"maiden name" : "",
			"media" : 
			{
				"drives" : [],
				"files" : [],
				"name" : "root"
			},
			"mother" : 4,
			"name" : "Orhan",
			"notes" : 
			{
				"drives" : [],
				"files" : 
				[
					{
						"id" : 1
					}
				],
				"name" : "root"
			},
			"partner" : 5,
			"relations" : 
			[
				{
					"id" : 3
				},
				{
					"id" : 4
				},
				{
					"id" : 5
				},
				{
					"id" : 6
				}
			],
			"surname" : "Ghazi",
			"tags" : 
			[
				{
					"tag" : "Name in turkish",
					"value" : "\u0627\u0648\u0631\u062e\u0627\u0646 \u063a\u0627\u0632\u06cc"
				}
			],
			"title after" : "",
			"title in front" : ""
		},
		{
			"birth" : 
			{
				"date" : 
				{
					"date" : "0-0-0",
					"last date" : "0-0-0",
					"text" : ""
				},
				"place" : ""
			},
			"death" : 
			{
				"date" : 
				{
					"date" : "0-0-0",
					"last date" : "0-0-0",
					"text" : ""
				},
				"place" : "Bursa, Ottoman Sultanate"
			},
			"events" : [],
			"father" : 0,
			"files" : 
			{
				"drives" : [],
				"files" : [],
				"name" : "root"
			},
			"gender" : 1,
			"id" : 5,
			"lives" : 0,
			"maiden name" : "",
			"media" : 
			{
				"drives" : [],
				"files" : [],
				"name" : "root"
			},
			"mother" : 0,
			"name" : "Nil\u00fcfer",
			"notes" : 
			{
				"drives" : [],
				"files" : 
				[
					{
						"id" : 1
					}
				],
				"name" : "root"
			},
			"partner" : 5,
			"relations" : 
			[
				{
					"id" : 5
				},
				{
					"id" : 7
				}
			],
			"surname" : "Hatun",
			"tags" : 
			[
				{
					"tag" : "Name in turkish",
					"value" : "\u0646\u06cc\u0644\u0648\u0641\u0631 \u062e\u0627\u062a\u0648\u0646"
				}
			],
			"title after" : "",
			"title in front" : ""
		},
		{
			"birth" : 
			{
				"date" : 
				{
					"date" : "1326-6-29",
					"last date" : "0-0-0",
					"text" : ""
				},
				"place" : "Bursa, Ottoman Beylik"
			},
			"death" : 
			{
				"date" : 
				{
					"date" : "1389-6-29",
					"last date" : "0-0-0",
					"text" : ""
				},
				"place" : "Kosovo field, District of Brankovi\u0107"
			},
			"events" : [],
			"father" : 6,
			"files" : 
			{
				"drives" : [],
				"files" : [],
				"name" : "root"
			},
			"gender" : 1,
			"id" : 6,
			"lives" : 0,
			"maiden name" : "",
			"media" : 
			{
				"drives" : [],
				"files" : [],
				"name" : "root"
			},
			"mother" : 7,
			"name" : "Murad",
			"notes" : 
			{
				"drives" : [],
				"files" : 
				[
					{
						"id" : 1
					}
				],
				"name" : "root"
			},
			"partner" : 8,
			"relations" : 
			[
				{
					"id" : 6
				},
				{
					"id" : 7
				},
				{
					"id" : 8
				},
				{
					"id" : 9
				}
			],
			"surname" : "I",
			"tags" : 
			[
				{
					"tag" : "Name in turkish",
					"value" : "\u0645\u0631\u0627\u062f \u0627\u0648\u0644"
				},
				{
					"tag" : "Wiki",
					"value" : "https://en.wikipedia.org/wiki/Murad_I"
				}
			],
			"title after" : "",
			"title in front" : ""
		},
		{
			"birth" : 
			{
				"date" : 
				{
					"date" : "1335-1-1",
					"last date" : "0-0-0",
					"text" : ""
				},
				"place" : "Bithynia, Ottoman Empire"
			},
			"death" : 
			{
				"date" : 
				{
					"date" : "0-0-0",
					"last date" : "0-0-0",
					"text" : ""
				},
				"place" : "Bursa, Ottoman Empire"
			},
			"events" : [],
			"father" : 0,
			"files" : 
			{
				"drives" : [],
				"files" : [],
				"name" : "root"
			},
			"gender" : 2,
			"id" : 7,
			"lives" : 0,
			"maiden name" : "",
			"media" : 
			{
				"drives" : [],
				"files" : [],
				"name" : "root"
			},
			"mother" : 0,
			"name" : "G\u00fcl\u00e7i\u00e7ek",
			"notes" : 
			{
				"drives" : [],
				"files" : 
				[
					{
						"id" : 1
					}
				],
				"name" : "root"
			},
			"partner" : 8,
			"relations" : 
			[
				{
					"id" : 8
				},
				{
					"id" : 10
				}
			],
			"surname" : "Hatun",
			"tags" : 
			[
				{
					"tag" : "Name in turkish",
					"value" : "\u0643\u0644\u0686\u06cc\u0686\u0643 \u062e\u0627\u062a\u0648\u0646"
				}
			],
			"title after" : "",
			"title in front" : ""
		},
		{
			"birth" : 
			{
				"date" : 
				{
					"date" : "1386-1-1",
					"last date" : "0-0-0",
					"text" : ""
				},
				"place" : "Bursa, Ottoman Sultanate"
			},
			"death" : 
			{
				"date" : 
				{
					"date" : "1421-5-26",
					"last date" : "0-0-0",
					"text" : ""
				},
				"place" : "Bursa, Ottoman Sultanate"
			},
			"events" : [],
			"father" : 0,
			"files" : 
			{
				"drives" : [],
				"files" : [],
				"name" : "root"
			},
			"gender" : 1,
			"id" : 8,
			"lives" : 0,
			"maiden name" : "",
			"media" : 
			{
				"drives" : [],
				"files" : [],
				"name" : "root"
			},
			"mother" : 0,
			"name" : "Mehmed I",
			"notes" : 
			{
				"drives" : [],
				"files" : [],
				"name" : "root"
			},
			"partner" : 0,
			"relations" : 
			[
				{
					"id" : 11
				}
			],
			"surname" : "",
			"tags" : [],
			"title after" : "",
			"title in front" : ""
		},
		{
			"birth" : 
			{
				"date" : 
				{
					"date" : "1360-1-1",
					"last date" : "0-0-0",
					"text" : ""
				},
				"place" : "Ottoman Beylik"
			},
			"death" : 
			{
				"date" : 
				{
					"date" : "1403-3-8",
					"last date" : "0-0-0",
					"text" : ""
				},
				"place" : "Ak\u015fehir, then under Timurid occupation"
			},
			"events" : [],
			"father" : 9,
			"files" : 
			{
				"drives" : [],
				"files" : [],
				"name" : "root"
			},
			"gender" : 1,
			"id" : 9,
			"lives" : 0,
			"maiden name" : "",
			"media" : 
			{
				"drives" : [],
				"files" : [],
				"name" : "root"
			},
			"mother" : 10,
			"name" : "Bayezid I",
			"notes" : 
			{
				"drives" : [],
				"files" : [],
				"name" : "root"
			},
			"partner" : 12,
			"relations" : 
			[
				{
					"id" : 9
				},
				{
					"id" : 10
				},
				{
					"id" : 11
				},
				{
					"id" : 12
				}
			],
			"surname" : "",
			"tags" : 
			[
				{
					"tag" : "Name in turkish",
					"value" : "\u0627\u064a\u0632\u064a\u062f \u0627\u0648\u0644"
				},
				{
					"tag" : "Wiki",
					"value" : "https://en.wikipedia.org/wiki/Bayezid_I"
				}
			],
			"title after" : "",
			"title in front" : ""
		},
		{
			"birth" : 
			{
				"date" : 
				{
					"date" : "1370-1-1",
					"last date" : "0-0-0",
					"text" : ""
				},
				"place" : ""
			},
			"death" : 
			{
				"date" : 
				{
					"date" : "1414-1-23",
					"last date" : "0-0-0",
					"text" : ""
				},
				"place" : "Bursa, Ottoman Empire"
			},
			"events" : [],
			"father" : 0,
			"files" : 
			{
				"drives" : [],
				"files" : [],
				"name" : "root"
			},
			"gender" : 2,
			"id" : 10,
			"lives" : 0,
			"maiden name" : "",
			"media" : 
			{
				"drives" : [],
				"files" : [],
				"name" : "root"
			},
			"mother" : 0,
			"name" : "Devlet",
			"notes" : 
			{
				"drives" : [],
				"files" : [],
				"name" : "root"
			},
			"partner" : 12,
			"relations" : 
			[
				{
					"id" : 12
				}
			],
			"surname" : "Hatun",
			"tags" : [],
			"title after" : "",
			"title in front" : ""
		}
	]
}
