{
	"persons" : 
	[
		{
			"birth" : 
			{
				"date" : 
				{
					"date" : "1997-6-22",
					"last date" : "0-0-0",
					"text" : ""
				},
				"place" : "Zl\u00edn"
			},
			"events" : 
			[
				{
					"id" : 1
				},
				{
					"id" : 2
				}
			],
			"father" : 4,
			"files" : 
			{
				"drives" : 
				[
					{
						"drives" : [],
						"files" : 
						[
							{
								"id" : 1
							}
						],
						"name" : "Studium"
					}
				],
				"files" : 
				[
					{
						"id" : 2
					}
				],
				"name" : "root"
			},
			"gender" : 1,
			"id" : 1,
			"lives" : 1,
			"maiden name" : "",
			"media" : 
			{
				"drives" : 
				[
					{
						"drives" : [],
						"files" : 
						[
							{
								"id" : 4
							},
							{
								"id" : 5
							}
						],
						"name" : "Graduace"
					},
					{
						"drives" : [],
						"files" : 
						[
							{
								"id" : 6
							},
							{
								"id" : 7
							}
						],
						"name" : "Rodina"
					}
				],
				"files" : [],
				"name" : "Fotky"
			},
			"mother" : 2,
			"name" : "Jan",
			"notes" : 
			{
				"drives" : [],
				"files" : 
				[
					{
						"id" : 1
					},
					{
						"id" : 2
					}
				],
				"name" : "root"
			},
			"partner" : 1,
			"relations" : 
			[
				{
					"id" : 1
				},
				{
					"id" : 2
				},
				{
					"id" : 4
				},
				{
					"id" : 7
				}
			],
			"surname" : "Nov\u00e1k",
			"tags" : 
			[
				{
					"tag" : "N\u00e1bo\u017eenstv\u00ed",
					"value" : "k\u0159es\u0165anstv\u00ed"
				}
			],
			"title after" : "",
			"title in front" : "Mgr."
		},
		{
			"birth" : 
			{
				"date" : 
				{
					"date" : "1998-4-7",
					"last date" : "0-0-0",
					"text" : ""
				},
				"place" : "P\u0159elou\u010d"
			},
			"events" : 
			[
				{
					"id" : 1
				}
			],
			"father" : 0,
			"files" : 
			{
				"drives" : [],
				"files" : [],
				"name" : "root"
			},
			"gender" : 2,
			"id" : 2,
			"lives" : 1,
			"maiden name" : "Barto\u0148ov\u00e1",
			"media" : 
			{
				"drives" : [],
				"files" : [],
				"name" : "root"
			},
			"mother" : 0,
			"name" : "Iveta",
			"notes" : 
			{
				"drives" : [],
				"files" : [],
				"name" : "root"
			},
			"partner" : 1,
			"relations" : 
			[
				{
					"id" : 1
				},
				{
					"id" : 8
				}
			],
			"surname" : "Nov\u00e1kov\u00e1",
			"tags" : 
			[
				{
					"tag" : "N\u00e1bo\u017eenstv\u00ed",
					"value" : "ateismus"
				}
			],
			"title after" : "",
			"title in front" : "Bc."
		},
		{
			"birth" : 
			{
				"date" : 
				{
					"date" : "0-0-0",
					"last date" : "0-0-0",
					"text" : ""
				},
				"place" : ""
			},
			"events" : 
			[
				{
					"id" : 1
				}
			],
			"father" : 0,
			"files" : 
			{
				"drives" : [],
				"files" : [],
				"name" : "root"
			},
			"gender" : 1,
			"id" : 3,
			"lives" : 1,
			"maiden name" : "",
			"media" : 
			{
				"drives" : [],
				"files" : [],
				"name" : "root"
			},
			"mother" : 0,
			"name" : "Josef",
			"notes" : 
			{
				"drives" : [],
				"files" : [],
				"name" : "root"
			},
			"partner" : 0,
			"relations" : [],
			"surname" : "Mr\u00e1zek",
			"tags" : [],
			"title after" : "",
			"title in front" : ""
		},
		{
			"birth" : 
			{
				"date" : 
				{
					"date" : "1972-2-13",
					"last date" : "0-0-0",
					"text" : ""
				},
				"place" : "Krom\u011b\u0159\u00ed\u017e"
			},
			"events" : [],
			"father" : 0,
			"files" : 
			{
				"drives" : [],
				"files" : [],
				"name" : "root"
			},
			"gender" : 1,
			"id" : 4,
			"lives" : 1,
			"maiden name" : "",
			"media" : 
			{
				"drives" : [],
				"files" : [],
				"name" : "root"
			},
			"mother" : 0,
			"name" : "Ivan",
			"notes" : 
			{
				"drives" : [],
				"files" : [],
				"name" : "root"
			},
			"partner" : 3,
			"relations" : 
			[
				{
					"id" : 3
				},
				{
					"id" : 4
				}
			],
			"surname" : "Nov\u00e1k",
			"tags" : 
			[
				{
					"tag" : "N\u00e1bo\u017eenstv\u00ed",
					"value" : "k\u0159es\u0165anstv\u00ed"
				}
			],
			"title after" : "",
			"title in front" : ""
		},
		{
			"birth" : 
			{
				"date" : 
				{
					"date" : "1971-2-13",
					"last date" : "0-0-0",
					"text" : ""
				},
				"place" : "Zl\u00edn"
			},
			"death" : 
			{
				"date" : 
				{
					"date" : "2021-4-19",
					"last date" : "0-0-0",
					"text" : ""
				},
				"place" : "Zl\u00edn"
			},
			"events" : [],
			"father" : 0,
			"files" : 
			{
				"drives" : [],
				"files" : [],
				"name" : "root"
			},
			"gender" : 2,
			"id" : 5,
			"lives" : 0,
			"maiden name" : "Holubov\u00e1",
			"media" : 
			{
				"drives" : 
				[
					{
						"drives" : [],
						"files" : 
						[
							{
								"id" : 6
							},
							{
								"id" : 7
							}
						],
						"name" : "Rodina"
					}
				],
				"files" : [],
				"name" : "root"
			},
			"mother" : 0,
			"name" : "Kv\u011bta",
			"notes" : 
			{
				"drives" : [],
				"files" : [],
				"name" : "root"
			},
			"partner" : 3,
			"relations" : 
			[
				{
					"id" : 2
				},
				{
					"id" : 3
				}
			],
			"surname" : "Nov\u00e1kov\u00e1",
			"tags" : 
			[
				{
					"tag" : "N\u00e1bo\u017eenstv\u00ed",
					"value" : "k\u0159es\u0165anstv\u00ed"
				}
			],
			"title after" : "",
			"title in front" : ""
		},
		{
			"birth" : 
			{
				"date" : 
				{
					"date" : "2022-9-21",
					"last date" : "0-0-0",
					"text" : ""
				},
				"place" : ""
			},
			"events" : [],
			"father" : 7,
			"files" : 
			{
				"drives" : [],
				"files" : [],
				"name" : "root"
			},
			"gender" : 1,
			"id" : 6,
			"lives" : 1,
			"maiden name" : "",
			"media" : 
			{
				"drives" : [],
				"files" : [],
				"name" : "root"
			},
			"mother" : 8,
			"name" : "\u0160t\u011bp\u00e1n",
			"notes" : 
			{
				"drives" : [],
				"files" : [],
				"name" : "root"
			},
			"partner" : 0,
			"relations" : 
			[
				{
					"id" : 7
				},
				{
					"id" : 8
				}
			],
			"surname" : "Nov\u00e1k",
			"tags" : [],
			"title after" : "",
			"title in front" : ""
		}
	]
}
