{
	"relations" : 
	[
		{
			"first person" : 1,
			"id" : 1,
			"second person" : 2,
			"template" : 5
		},
		{
			"first person" : 5,
			"id" : 2,
			"second person" : 1,
			"template" : 9
		},
		{
			"first person" : 4,
			"id" : 3,
			"second person" : 5,
			"template" : 5
		},
		{
			"first person" : 4,
			"id" : 4,
			"second person" : 1,
			"template" : 1
		},
		{
			"first person" : 1,
			"id" : 5,
			"second person" : 6,
			"template" : 1
		},
		{
			"first person" : 2,
			"id" : 6,
			"second person" : 6,
			"template" : 9
		},
		{
			"first person" : 1,
			"id" : 7,
			"second person" : 6,
			"template" : 1
		},
		{
			"first person" : 2,
			"id" : 8,
			"second person" : 6,
			"template" : 9
		}
	]
}
